"https://ppt.ru/kodeks/uk/st-1","Статья 1. Уголовное законодательство Российской Федерации"
"https://ppt.ru/kodeks/uk/st-2","Статья 2. Задачи Уголовного кодекса Российской Федерации"
"https://ppt.ru/kodeks/uk/st-3","Статья 3. Принцип законности"
"https://ppt.ru/kodeks/uk/st-4","Статья 4. Принцип равенства граждан перед законом"
"https://ppt.ru/kodeks/uk/st-5","Статья 5. Принцип вины"
"https://ppt.ru/kodeks/uk/st-6","Статья 6. Принцип справедливости"
"https://ppt.ru/kodeks/uk/st-7","Статья 7. Принцип гуманизма"
"https://ppt.ru/kodeks/uk/st-8","Статья 8. Основание уголовной ответственности"
"https://ppt.ru/kodeks/uk/st-9","Статья 9. Действие уголовного закона во времени"
"https://ppt.ru/kodeks/uk/st-10","Статья 10. Обратная сила уголовного закона"
"https://ppt.ru/kodeks/uk/st-11","Статья 11. Действие уголовного закона в отношении лиц, совершивших преступление на территории Российской Федерации"
"https://ppt.ru/kodeks/uk/st-12","Статья 12. Действие уголовного закона в отношении лиц, совершивших преступление вне пределов Российской Федерации"
"https://ppt.ru/kodeks/uk/st-13","Статья 13. Выдача лиц, совершивших преступление"
"https://ppt.ru/kodeks/uk/st-14","Статья 14. Понятие преступления"
"https://ppt.ru/kodeks/uk/st-15","Статья 15. Категории преступлений"
"https://ppt.ru/kodeks/uk/st-16","Статья 16. Утратила силу.","Федеральный закон от 08.12.2003 N 162-ФЗ."
"https://ppt.ru/kodeks/uk/st-17","Статья 17. Совокупность преступлений"
"https://ppt.ru/kodeks/uk/st-18","Статья 18. Рецидив преступлений"
"https://ppt.ru/kodeks/uk/st-19","Статья 19. Общие условия уголовной ответственности"
"https://ppt.ru/kodeks/uk/st-20","Статья 20. Возраст, с которого наступает уголовная ответственность"
"https://ppt.ru/kodeks/uk/st-21","Статья 21. Невменяемость"
"https://ppt.ru/kodeks/uk/st-22","Статья 22. Уголовная ответственность лиц с психическим расстройством, не исключающим вменяемости"
"https://ppt.ru/kodeks/uk/st-23","Статья 23. Уголовная ответственность лиц, совершивших преступление в состоянии опьянения"
"https://ppt.ru/kodeks/uk/st-24","Статья 24. Формы вины"
"https://ppt.ru/kodeks/uk/st-25","Статья 25. Преступление, совершенное умышленно"
"https://ppt.ru/kodeks/uk/st-26","Статья 26. Преступление, совершенное по неосторожности"
"https://ppt.ru/kodeks/uk/st-27","Статья 27. Ответственность за преступление, совершенное с двумя формами вины"
"https://ppt.ru/kodeks/uk/st-28","Статья 28. Невиновное причинение вреда"
"https://ppt.ru/kodeks/uk/st-29","Статья 29. Оконченное и неоконченное преступления"
"https://ppt.ru/kodeks/uk/st-30","Статья 30. Приготовление к преступлению и покушение на преступление"
"https://ppt.ru/kodeks/uk/st-31","Статья 31. Добровольный отказ от преступления"
"https://ppt.ru/kodeks/uk/st-32","Статья 32. Понятие соучастия в преступлении"
"https://ppt.ru/kodeks/uk/st-33","Статья 33. Виды соучастников преступления"
"https://ppt.ru/kodeks/uk/st-34","Статья 34. Ответственность соучастников преступления"
"https://ppt.ru/kodeks/uk/st-35","Статья 35. Совершение преступления группой лиц, группой лиц по предварительному сговору, организованной группой или преступным сообществом (преступной организацией)"
"https://ppt.ru/kodeks/uk/st-36","Статья 36. Эксцесс исполнителя преступления"
"https://ppt.ru/kodeks/uk/st-37","Статья 37. Необходимая оборона"
"https://ppt.ru/kodeks/uk/st-38","Статья 38. Причинение вреда при задержании лица, совершившего преступление"
"https://ppt.ru/kodeks/uk/st-39","Статья 39. Крайняя необходимость"
"https://ppt.ru/kodeks/uk/st-40","Статья 40. Физическое или психическое принуждение"
"https://ppt.ru/kodeks/uk/st-41","Статья 41. Обоснованный риск"
"https://ppt.ru/kodeks/uk/st-42","Статья 42. Исполнение приказа или распоряжения"
"https://ppt.ru/kodeks/uk/st-43","Статья 43. Понятие и цели наказания"
"https://ppt.ru/kodeks/uk/st-44","Статья 44. Виды наказаний"
"https://ppt.ru/kodeks/uk/st-45","Статья 45. Основные и дополнительные виды наказаний"
"https://ppt.ru/kodeks/uk/st-46","Статья 46. Штраф"
"https://ppt.ru/kodeks/uk/st-47","Статья 47. Лишение права занимать определенные должности или заниматься определенной деятельностью"
"https://ppt.ru/kodeks/uk/st-48","Статья 48. Лишение специального, воинского или почетного звания, классного чина и государственных наград"
"https://ppt.ru/kodeks/uk/st-49","Статья 49. Обязательные работы"
"https://ppt.ru/kodeks/uk/st-50","Статья 50. Исправительные работы"
"https://ppt.ru/kodeks/uk/st-51","Статья 51. Ограничение по военной службе"
"https://ppt.ru/kodeks/uk/st-52","Статья 52. Утратила силу.","Федеральный закон от 08.12.2003 N 162-ФЗ."
"https://ppt.ru/kodeks/uk/st-53","Статья 53. Ограничение свободы"
"https://ppt.ru/kodeks/uk/st-53.1","Статья 53.1. Принудительные работы"
"https://ppt.ru/kodeks/uk/st-54","Статья 54. Арест"
"https://ppt.ru/kodeks/uk/st-55","Статья 55. Содержание в дисциплинарной воинской части"
"https://ppt.ru/kodeks/uk/st-56","Статья 56. Лишение свободы на определенный срок"
"https://ppt.ru/kodeks/uk/st-57","Статья 57. Пожизненное лишение свободы"
"https://ppt.ru/kodeks/uk/st-58","Статья 58. Назначение осужденным к лишению свободы вида исправительного учреждения"
"https://ppt.ru/kodeks/uk/st-59","Статья 59. Смертная казнь"
"https://ppt.ru/kodeks/uk/st-60","Статья 60. Общие начала назначения наказания"
"https://ppt.ru/kodeks/uk/st-61","Статья 61. Обстоятельства, смягчающие наказание"
"https://ppt.ru/kodeks/uk/st-62","Статья 62. Назначение наказания при наличии смягчающих обстоятельств"
"https://ppt.ru/kodeks/uk/st-63","Статья 63. Обстоятельства, отягчающие наказание"
"https://ppt.ru/kodeks/uk/st-63.1","Статья 63.1. Назначение наказания в случае нарушения досудебного соглашения о сотрудничестве"
"https://ppt.ru/kodeks/uk/st-64","Статья 64. Назначение более мягкого наказания, чем предусмотрено за данное преступление"
"https://ppt.ru/kodeks/uk/st-65","Статья 65. Назначение наказания при вердикте присяжных заседателей о снисхождении"
"https://ppt.ru/kodeks/uk/st-66","Статья 66. Назначение наказания за неоконченное преступление"
"https://ppt.ru/kodeks/uk/st-67","Статья 67. Назначение наказания за преступление, совершенное в соучастии"
"https://ppt.ru/kodeks/uk/st-68","Статья 68. Назначение наказания при рецидиве преступлений"
"https://ppt.ru/kodeks/uk/st-69","Статья 69. Назначение наказания по совокупности преступлений"
"https://ppt.ru/kodeks/uk/st-70","Статья 70. Назначение наказания по совокупности приговоров"
"https://ppt.ru/kodeks/uk/st-71","Статья 71. Порядок определения сроков наказаний при сложении наказаний"
"https://ppt.ru/kodeks/uk/st-72","Статья 72. Исчисление сроков наказаний и зачет наказания"
"https://ppt.ru/kodeks/uk/st-72.1","Статья 72.1. Назначение наказания лицу, признанному больным наркоманией"
"https://ppt.ru/kodeks/uk/st-73","Статья 73. Условное осуждение"
"https://ppt.ru/kodeks/uk/st-74","Статья 74. Отмена условного осуждения или продление испытательного срока"
"https://ppt.ru/kodeks/uk/st-75","Статья 75. Освобождение от уголовной ответственности в связи с деятельным раскаянием"
"https://ppt.ru/kodeks/uk/st-76","Статья 76. Освобождение от уголовной ответственности в связи с примирением с потерпевшим"
"https://ppt.ru/kodeks/uk/st-76.1","Статья 76.1. Освобождение от уголовной ответственности в связи с возмещением ущерба"
"https://ppt.ru/kodeks/uk/st-76.2","Статья 76.2. Освобождение от уголовной ответственности с назначением судебного штрафа"
"https://ppt.ru/kodeks/uk/st-77","Статья 77. Утратила силу.","Федеральный закон от 08.12.2003 N 162-ФЗ."
"https://ppt.ru/kodeks/uk/st-78","Статья 78. Освобождение от уголовной ответственности в связи с истечением сроков давности"
"https://ppt.ru/kodeks/uk/st-79","Статья 79. Условно-досрочное освобождение от отбывания наказания"
"https://ppt.ru/kodeks/uk/st-80","Статья 80. Замена неотбытой части наказания более мягким видом наказания"
"https://ppt.ru/kodeks/uk/st-80.1","Статья 80.1. Освобождение от наказания в связи с изменением обстановки"
"https://ppt.ru/kodeks/uk/st-81","Статья 81. Освобождение от наказания в связи с болезнью"
"https://ppt.ru/kodeks/uk/st-82","Статья 82. Отсрочка отбывания наказания"
"https://ppt.ru/kodeks/uk/st-82.1","Статья 82.1. Отсрочка отбывания наказания больным наркоманией"
"https://ppt.ru/kodeks/uk/st-83","Статья 83. Освобождение от отбывания наказания в связи с истечением сроков давности обвинительного приговора суда"
"https://ppt.ru/kodeks/uk/st-84","Статья 84. Амнистия"
"https://ppt.ru/kodeks/uk/st-85","Статья 85. Помилование"
"https://ppt.ru/kodeks/uk/st-86","Статья 86. Судимость"
"https://ppt.ru/kodeks/uk/st-87","Статья 87. Уголовная ответственность несовершеннолетних"
"https://ppt.ru/kodeks/uk/st-88","Статья 88. Виды наказаний, назначаемых несовершеннолетним"
"https://ppt.ru/kodeks/uk/st-89","Статья 89. Назначение наказания несовершеннолетнему"
"https://ppt.ru/kodeks/uk/st-90","Статья 90. Применение принудительных мер воспитательного воздействия"
"https://ppt.ru/kodeks/uk/st-91","Статья 91. Содержание принудительных мер воспитательного воздействия"
"https://ppt.ru/kodeks/uk/st-92","Статья 92. Освобождение от наказания несовершеннолетних"
"https://ppt.ru/kodeks/uk/st-93","Статья 93. Условно-досрочное освобождение от отбывания наказания"
"https://ppt.ru/kodeks/uk/st-94","Статья 94. Сроки давности"
"https://ppt.ru/kodeks/uk/st-95","Статья 95. Сроки погашения судимости"
"https://ppt.ru/kodeks/uk/st-96","Статья 96. Применение положений настоящей главы к лицам в возрасте от восемнадцати до двадцати лет"
"https://ppt.ru/kodeks/uk/st-97","Статья 97. Основания применения принудительных мер медицинского характера"
"https://ppt.ru/kodeks/uk/st-98","Статья 98. Цели применения принудительных мер медицинского характера"
"https://ppt.ru/kodeks/uk/st-99","Статья 99. Виды принудительных мер медицинского характера"
"https://ppt.ru/kodeks/uk/st-100","Статья 100. Принудительное наблюдение и лечение у врача-психиатра в амбулаторных условиях"
"https://ppt.ru/kodeks/uk/st-101","Статья 101. Принудительное лечение в медицинской организации, оказывающей психиатрическую помощь в стационарных условиях"
"https://ppt.ru/kodeks/uk/st-102","Статья 102. Продление, изменение и прекращение применения принудительных мер медицинского характера"
"https://ppt.ru/kodeks/uk/st-103","Статья 103. Зачет времени применения принудительных мер медицинского характера"
"https://ppt.ru/kodeks/uk/st-104","Статья 104. Принудительные меры медицинского характера, соединенные с исполнением наказания"
"https://ppt.ru/kodeks/uk/st-104.1","Статья 104.1. Конфискация имущества"
"https://ppt.ru/kodeks/uk/st-104.2","Статья 104.2. Конфискация денежных средств или иного имущества взамен предмета, подлежащего конфискации"
"https://ppt.ru/kodeks/uk/st-104.3","Статья 104.3. Возмещение причиненного ущерба"
"https://ppt.ru/kodeks/uk/st-104.4","Статья 104.4. Судебный штраф"
"https://ppt.ru/kodeks/uk/st-104.5","Статья 104.5. Порядок определения размера судебного штрафа"
"https://ppt.ru/kodeks/uk/st-105","Статья 105. Убийство"
"https://ppt.ru/kodeks/uk/st-106","Статья 106. Убийство матерью новорожденного ребенка"
"https://ppt.ru/kodeks/uk/st-107","Статья 107. Убийство, совершенное в состоянии аффекта"
"https://ppt.ru/kodeks/uk/st-108","Статья 108. Убийство, совершенное при превышении пределов необходимой обороны либо при превышении мер, необходимых для задержания лица, совершившего преступление"
"https://ppt.ru/kodeks/uk/st-109","Статья 109. Причинение смерти по неосторожности"
"https://ppt.ru/kodeks/uk/st-110","Статья 110. Доведение до самоубийства"
"https://ppt.ru/kodeks/uk/st-110.1","Статья 110.1. Склонение к совершению самоубийства или содействие совершению самоубийства"
"https://ppt.ru/kodeks/uk/st-110.2","Статья 110.2. Организация деятельности, направленной на побуждение к совершению самоубийства"
"https://ppt.ru/kodeks/uk/st-111","Статья 111. Умышленное причинение тяжкого вреда здоровью"
"https://ppt.ru/kodeks/uk/st-112","Статья 112. Умышленное причинение средней тяжести вреда здоровью"
"https://ppt.ru/kodeks/uk/st-113","Статья 113. Причинение тяжкого или средней тяжести вреда здоровью в состоянии аффекта"
"https://ppt.ru/kodeks/uk/st-114","Статья 114. Причинение тяжкого или средней тяжести вреда здоровью при превышении пределов необходимой обороны либо при превышении мер, необходимых для задержания лица, совершившего преступление"
"https://ppt.ru/kodeks/uk/st-115","Статья 115. Умышленное причинение легкого вреда здоровью"
"https://ppt.ru/kodeks/uk/st-116","Статья 116. Побои"
"https://ppt.ru/kodeks/uk/st-116.1","Статья 116.1. Нанесение побоев лицом, подвергнутым административному наказанию"
"https://ppt.ru/kodeks/uk/st-117","Статья 117. Истязание"
"https://ppt.ru/kodeks/uk/st-118","Статья 118. Причинение тяжкого вреда здоровью по неосторожности"
"https://ppt.ru/kodeks/uk/st-119","Статья 119. Угроза убийством или причинением тяжкого вреда здоровью"
"https://ppt.ru/kodeks/uk/st-120","Статья 120. Принуждение к изъятию органов или тканей человека для трансплантации"
"https://ppt.ru/kodeks/uk/st-121","Статья 121. Заражение венерической болезнью"
"https://ppt.ru/kodeks/uk/st-122","Статья 122. Заражение ВИЧ-инфекцией"
"https://ppt.ru/kodeks/uk/st-123","Статья 123. Незаконное проведение искусственного прерывания беременности"
"https://ppt.ru/kodeks/uk/st-124","Статья 124. Неоказание помощи больному"
"https://ppt.ru/kodeks/uk/st-124.1","Статья 124.1. Воспрепятствование оказанию медицинской помощи"
"https://ppt.ru/kodeks/uk/st-125","Статья 125. Оставление в опасности"
"https://ppt.ru/kodeks/uk/st-126","Статья 126. Похищение человека"
"https://ppt.ru/kodeks/uk/st-127","Статья 127. Незаконное лишение свободы"
"https://ppt.ru/kodeks/uk/st-127.1","Статья 127.1. Торговля людьми"
"https://ppt.ru/kodeks/uk/st-127.2","Статья 127.2. Использование рабского труда"
"https://ppt.ru/kodeks/uk/st-128","Статья 128. Незаконная госпитализация в медицинскую организацию, оказывающую психиатрическую помощь в стационарных условиях"
"https://ppt.ru/kodeks/uk/st-128.1","Статья 128.1. Клевета"
"https://ppt.ru/kodeks/uk/st-129","Статья 129. Утратила силу.","Федеральный закон от 07.12.2011 N 420-ФЗ."
"https://ppt.ru/kodeks/uk/st-130","Статья 130. Утратила силу.","Федеральный закон от 07.12.2011 N 420-ФЗ."
"https://ppt.ru/kodeks/uk/st-131","Статья 131. Изнасилование"
"https://ppt.ru/kodeks/uk/st-132","Статья 132. Насильственные действия сексуального характера"
"https://ppt.ru/kodeks/uk/st-133","Статья 133. Понуждение к действиям сексуального характера"
"https://ppt.ru/kodeks/uk/st-134","Статья 134. Половое сношение и иные действия сексуального характера с лицом, не достигшим шестнадцатилетнего возраста"
"https://ppt.ru/kodeks/uk/st-135","Статья 135. Развратные действия"
"https://ppt.ru/kodeks/uk/st-136","Статья 136. Нарушение равенства прав и свобод человека и гражданина"
"https://ppt.ru/kodeks/uk/st-137","Статья 137. Нарушение неприкосновенности частной жизни"
"https://ppt.ru/kodeks/uk/st-138","Статья 138. Нарушение тайны переписки, телефонных переговоров, почтовых, телеграфных или иных сообщений"
"https://ppt.ru/kodeks/uk/st-138.1","Статья 138.1. Незаконный оборот специальных технических средств, предназначенных для негласного получения информации"
"https://ppt.ru/kodeks/uk/st-139","Статья 139. Нарушение неприкосновенности жилища"
"https://ppt.ru/kodeks/uk/st-140","Статья 140. Отказ в предоставлении гражданину информации"
"https://ppt.ru/kodeks/uk/st-141","Статья 141. Воспрепятствование осуществлению избирательных прав или работе избирательных комиссий"
"https://ppt.ru/kodeks/uk/st-141.1","Статья 141.1. Нарушение порядка финансирования избирательной кампании кандидата, избирательного объединения, деятельности инициативной группы по проведению референдума, иной группы участников референдума"
"https://ppt.ru/kodeks/uk/st-142","Статья 142. Фальсификация избирательных документов, документов референдума"
"https://ppt.ru/kodeks/uk/st-142.1","Статья 142.1. Фальсификация итогов голосования"
"https://ppt.ru/kodeks/uk/st-142.2","Статья 142.2. Незаконные выдача и получение избирательного бюллетеня, бюллетеня для голосования на референдуме"
"https://ppt.ru/kodeks/uk/st-143","Статья 143. Нарушение требований охраны труда"
"https://ppt.ru/kodeks/uk/st-144","Статья 144. Воспрепятствование законной профессиональной деятельности журналистов"
"https://ppt.ru/kodeks/uk/st-144.1","Статья 144.1. Необоснованный отказ в приеме на работу или необоснованное увольнение лица, достигшего предпенсионного возраста"
"https://ppt.ru/kodeks/uk/st-145","Статья 145. Необоснованный отказ в приеме на работу или необоснованное увольнение беременной женщины или женщины, имеющей детей в возрасте до трех лет"
"https://ppt.ru/kodeks/uk/st-145.1","Статья 145.1. Невыплата заработной платы, пенсий, стипендий, пособий и иных выплат"
"https://ppt.ru/kodeks/uk/st-146","Статья 146. Нарушение авторских и смежных прав"
"https://ppt.ru/kodeks/uk/st-147","Статья 147. Нарушение изобретательских и патентных прав"
"https://ppt.ru/kodeks/uk/st-148","Статья 148. Нарушение права на свободу совести и вероисповеданий"
"https://ppt.ru/kodeks/uk/st-149","Статья 149. Воспрепятствование проведению собрания, митинга, демонстрации, шествия, пикетирования или участию в них"
"https://ppt.ru/kodeks/uk/st-150","Статья 150. Вовлечение несовершеннолетнего в совершение преступления"
"https://ppt.ru/kodeks/uk/st-151","Статья 151. Вовлечение несовершеннолетнего в совершение антиобщественных действий"
"https://ppt.ru/kodeks/uk/st-151.1","Статья 151.1. Розничная продажа несовершеннолетним алкогольной продукции"
"https://ppt.ru/kodeks/uk/st-151.2","Статья 151.2. Вовлечение несовершеннолетнего в совершение действий, представляющих опасность для жизни несовершеннолетнего"
"https://ppt.ru/kodeks/uk/st-152","Статья 152. Утратила силу.","Федеральный закон от 08.12.2003 N 162-ФЗ."
"https://ppt.ru/kodeks/uk/st-153","Статья 153. Подмена ребенка"
"https://ppt.ru/kodeks/uk/st-154","Статья 154. Незаконное усыновление (удочерение)"
"https://ppt.ru/kodeks/uk/st-155","Статья 155. Разглашение тайны усыновления (удочерения)"
"https://ppt.ru/kodeks/uk/st-156","Статья 156. Неисполнение обязанностей по воспитанию несовершеннолетнего"
"https://ppt.ru/kodeks/uk/st-157","Статья 157. Неуплата средств на содержание детей или нетрудоспособных родителей"
"https://ppt.ru/kodeks/uk/st-158","Статья 158. Кража"
"https://ppt.ru/kodeks/uk/st-158.1","Статья 158.1. Мелкое хищение, совершенное лицом, подвергнутым административному наказанию"
"https://ppt.ru/kodeks/uk/st-159","Статья 159. Мошенничество"
"https://ppt.ru/kodeks/uk/st-159.1","Статья 159.1. Мошенничество в сфере кредитования"
"https://ppt.ru/kodeks/uk/st-159.2","Статья 159.2. Мошенничество при получении выплат"
"https://ppt.ru/kodeks/uk/st-159.3","Статья 159.3. Мошенничество с использованием электронных средств платежа"
"https://ppt.ru/kodeks/uk/st-159.4","Статья 159.4. Утратила силу.","Федеральный закон от 03.07.2016 N 325-ФЗ."
"https://ppt.ru/kodeks/uk/st-159.5","Статья 159.5. Мошенничество в сфере страхования"
"https://ppt.ru/kodeks/uk/st-159.6","Статья 159.6. Мошенничество в сфере компьютерной информации"
"https://ppt.ru/kodeks/uk/st-160","Статья 160. Присвоение или растрата"
"https://ppt.ru/kodeks/uk/st-161","Статья 161. Грабеж"
"https://ppt.ru/kodeks/uk/st-162","Статья 162. Разбой"
"https://ppt.ru/kodeks/uk/st-163","Статья 163. Вымогательство"
"https://ppt.ru/kodeks/uk/st-164","Статья 164. Хищение предметов, имеющих особую ценность"
"https://ppt.ru/kodeks/uk/st-165","Статья 165. Причинение имущественного ущерба путем обмана или злоупотребления доверием"
"https://ppt.ru/kodeks/uk/st-166","Статья 166. Неправомерное завладение автомобилем или иным транспортным средством без цели хищения"
"https://ppt.ru/kodeks/uk/st-167","Статья 167. Умышленные уничтожение или повреждение имущества"
"https://ppt.ru/kodeks/uk/st-168","Статья 168. Уничтожение или повреждение имущества по неосторожности"
"https://ppt.ru/kodeks/uk/st-169","Статья 169. Воспрепятствование законной предпринимательской или иной деятельности"
"https://ppt.ru/kodeks/uk/st-170","Статья 170. Регистрация незаконных сделок с недвижимым имуществом"
"https://ppt.ru/kodeks/uk/st-170.1","Статья 170.1. Фальсификация единого государственного реестра юридических лиц, реестра владельцев ценных бумаг или системы депозитарного учета"
"https://ppt.ru/kodeks/uk/st-170.2","Статья 170.2. Внесение заведомо ложных сведений в межевой план, технический план, акт обследования, проект межевания земельного участка или земельных участков либо карту-план территории"
"https://ppt.ru/kodeks/uk/st-171","Статья 171. Незаконное предпринимательство"
"https://ppt.ru/kodeks/uk/st-171.1","Статья 171.1. Производство, приобретение, хранение, перевозка или сбыт товаров и продукции без маркировки и (или) нанесения информации, предусмотренной законодательством Российской Федерации"
"https://ppt.ru/kodeks/uk/st-171.2","Статья 171.2. Незаконные организация и проведение азартных игр"
"https://ppt.ru/kodeks/uk/st-171.3","Статья 171.3. Незаконные производство и (или) оборот этилового спирта, алкогольной и спиртосодержащей продукции"
"https://ppt.ru/kodeks/uk/st-171.4","Статья 171.4. Незаконная розничная продажа алкогольной и спиртосодержащей пищевой продукции"
"https://ppt.ru/kodeks/uk/st-172","Статья 172. Незаконная банковская деятельность"
"https://ppt.ru/kodeks/uk/st-172.1","Статья 172.1. Фальсификация финансовых документов учета и отчетности финансовой организации"
"https://ppt.ru/kodeks/uk/st-172.2","Статья 172.2. Организация деятельности по привлечению денежных средств и (или) иного имущества"
"https://ppt.ru/kodeks/uk/st-172.3","Статья 172.3. Невнесение в финансовые документы учета и отчетности кредитной организации сведений о размещенных физическими лицами и индивидуальными предпринимателями денежных средствах"
"https://ppt.ru/kodeks/uk/st-173","Статья 173. Утратила силу.","Федеральный закон от 07.04.2010 N 60-ФЗ."
"https://ppt.ru/kodeks/uk/st-173.1","Статья 173.1. Незаконное образование (создание, реорганизация) юридического лица"
"https://ppt.ru/kodeks/uk/st-173.2","Статья 173.2. Незаконное использование документов для образования (создания, реорганизации) юридического лица"
"https://ppt.ru/kodeks/uk/st-174","Статья 174. Легализация (отмывание) денежных средств или иного имущества, приобретенных другими лицами преступным путем"
"https://ppt.ru/kodeks/uk/st-174.1","Статья 174.1. Легализация (отмывание) денежных средств или иного имущества, приобретенных лицом в результате совершения им преступления"
"https://ppt.ru/kodeks/uk/st-175","Статья 175. Приобретение или сбыт имущества, заведомо добытого преступным путем"
"https://ppt.ru/kodeks/uk/st-176","Статья 176. Незаконное получение кредита"
"https://ppt.ru/kodeks/uk/st-177","Статья 177. Злостное уклонение от погашения кредиторской задолженности"
"https://ppt.ru/kodeks/uk/st-178","Статья 178. Ограничение конкуренции"
"https://ppt.ru/kodeks/uk/st-179","Статья 179. Принуждение к совершению сделки или к отказу от ее совершения"
"https://ppt.ru/kodeks/uk/st-180","Статья 180. Незаконное использование средств индивидуализации товаров (работ, услуг)"
"https://ppt.ru/kodeks/uk/st-181","Статья 181. Нарушение правил изготовления и использования государственных пробирных клейм"
"https://ppt.ru/kodeks/uk/st-182","Статья 182. Утратила силу.","Федеральный закон от 08.12.2003 N 162-ФЗ."
"https://ppt.ru/kodeks/uk/st-183","Статья 183. Незаконные получение и разглашение сведений, составляющих коммерческую, налоговую или банковскую тайну"
"https://ppt.ru/kodeks/uk/st-184","Статья 184. Оказание противоправного влияния на результат официального спортивного соревнования или зрелищного коммерческого конкурса"
"https://ppt.ru/kodeks/uk/st-185","Статья 185. Злоупотребления при эмиссии ценных бумаг"
"https://ppt.ru/kodeks/uk/st-185.1","Статья 185.1. Злостное уклонение от раскрытия или предоставления информации, определенной законодательством Российской Федерации о ценных бумагах"
"https://ppt.ru/kodeks/uk/st-185.2","Статья 185.2. Нарушение порядка учета прав на ценные бумаги"
"https://ppt.ru/kodeks/uk/st-185.3","Статья 185.3. Манипулирование рынком"
"https://ppt.ru/kodeks/uk/st-185.4","Статья 185.4. Воспрепятствование осуществлению или незаконное ограничение прав владельцев ценных бумаг"
"https://ppt.ru/kodeks/uk/st-185.5","Статья 185.5. Фальсификация решения общего собрания акционеров (участников) хозяйственного общества или решения совета директоров (наблюдательного совета) хозяйственного общества"
"https://ppt.ru/kodeks/uk/st-185.6","Статья 185.6. Неправомерное использование инсайдерской информации"
"https://ppt.ru/kodeks/uk/st-186","Статья 186. Изготовление, хранение, перевозка или сбыт поддельных денег или ценных бумаг"
"https://ppt.ru/kodeks/uk/st-187","Статья 187. Неправомерный оборот средств платежей"
"https://ppt.ru/kodeks/uk/st-188","Статья 188. Утратила силу.","Федеральный закон от 07.12.2011 N 420-ФЗ."
"https://ppt.ru/kodeks/uk/st-189","Статья 189. Незаконные экспорт из Российской Федерации или передача сырья, материалов, оборудования, технологий, научно-технической информации, незаконное выполнение работ (оказание услуг), которые могут быть использованы при создании оружия массового поражения, вооружения и военной техники"
"https://ppt.ru/kodeks/uk/st-190","Статья 190. Невозвращение на территорию Российской Федерации культурных ценностей"
"https://ppt.ru/kodeks/uk/st-191","Статья 191. Незаконный оборот янтаря, нефрита или иных полудрагоценных камней, драгоценных металлов, драгоценных камней либо жемчуга"
"https://ppt.ru/kodeks/uk/st-191.1","Статья 191.1. Приобретение, хранение, перевозка, переработка в целях сбыта или сбыт заведомо незаконно заготовленной древесины"
"https://ppt.ru/kodeks/uk/st-192","Статья 192. Нарушение правил сдачи государству драгоценных металлов и драгоценных камней"
"https://ppt.ru/kodeks/uk/st-193","Статья 193. Уклонение от исполнения обязанностей по репатриации денежных средств в иностранной валюте или валюте Российской Федерации"
"https://ppt.ru/kodeks/uk/st-193.1","Статья 193.1. Совершение валютных операций по переводу денежных средств в иностранной валюте или валюте Российской Федерации на счета нерезидентов с использованием подложных документов"
"https://ppt.ru/kodeks/uk/st-194","Статья 194. Уклонение от уплаты таможенных платежей, взимаемых с организации или физического лица"
"https://ppt.ru/kodeks/uk/st-195","Статья 195. Неправомерные действия при банкротстве"
"https://ppt.ru/kodeks/uk/st-196","Статья 196. Преднамеренное банкротство"
"https://ppt.ru/kodeks/uk/st-197","Статья 197. Фиктивное банкротство"
"https://ppt.ru/kodeks/uk/st-198","Статья 198. Уклонение физического лица от уплаты налогов, сборов и (или) физического лица","плательщика страховых взносов от уплаты страховых взносов"
"https://ppt.ru/kodeks/uk/st-199","Статья 199. Уклонение от уплаты налогов, сборов, подлежащих уплате организацией, и (или) страховых взносов, подлежащих уплате организацией","плательщиком страховых взносов"
"https://ppt.ru/kodeks/uk/st-199.1","Статья 199.1. Неисполнение обязанностей налогового агента"
"https://ppt.ru/kodeks/uk/st-199.2","Статья 199.2. Сокрытие денежных средств либо имущества организации или индивидуального предпринимателя, за счет которых должно производиться взыскание налогов, сборов, страховых взносов"
"https://ppt.ru/kodeks/uk/st-199.3","Статья 199.3. Уклонение страхователя","физического лица от уплаты страховых взносов на обязательное социальное страхование от несчастных случаев на производстве и профессиональных заболеваний в государственный внебюджетный фонд"
"https://ppt.ru/kodeks/uk/st-199.4","Статья 199.4. Уклонение страхователя-организации от уплаты страховых взносов на обязательное социальное страхование от несчастных случаев на производстве и профессиональных заболеваний в государственный внебюджетный фонд"
"https://ppt.ru/kodeks/uk/st-200","Статья 200. Утратила силу.","Федеральный закон от 08.12.2003 N 162-ФЗ."
"https://ppt.ru/kodeks/uk/st-200.1","Статья 200.1. Контрабанда наличных денежных средств и (или) денежных инструментов"
"https://ppt.ru/kodeks/uk/st-200.2","Статья 200.2. Контрабанда алкогольной продукции и (или) табачных изделий"
"https://ppt.ru/kodeks/uk/st-200.3","Статья 200.3. Привлечение денежных средств граждан в нарушение требований законодательства Российской Федерации об участии в долевом строительстве многоквартирных домов и (или) иных объектов недвижимости"
"https://ppt.ru/kodeks/uk/st-200.4","Статья 200.4. Злоупотребления в сфере закупок товаров, работ, услуг для обеспечения государственных или муниципальных нужд"
"https://ppt.ru/kodeks/uk/st-200.5","Статья 200.5. Подкуп работника контрактной службы, контрактного управляющего, члена комиссии по осуществлению закупок"
"https://ppt.ru/kodeks/uk/st-200.6","Статья 200.6. Заведомо ложное экспертное заключение в сфере закупок товаров, работ, услуг для обеспечения государственных и муниципальных нужд"
"https://ppt.ru/kodeks/uk/st-201","Статья 201. Злоупотребление полномочиями"
"https://ppt.ru/kodeks/uk/st-201.1","Статья 201.1. Злоупотребление полномочиями при выполнении государственного оборонного заказа"
"https://ppt.ru/kodeks/uk/st-202","Статья 202. Злоупотребление полномочиями частными нотариусами и аудиторами"
"https://ppt.ru/kodeks/uk/st-203","Статья 203. Превышение полномочий частным детективом или работником частной охранной организации, имеющим удостоверение частного охранника, при выполнении ими своих должностных обязанностей"
"https://ppt.ru/kodeks/uk/st-204","Статья 204. Коммерческий подкуп"
"https://ppt.ru/kodeks/uk/st-204.1","Статья 204.1. Посредничество в коммерческом подкупе"
"https://ppt.ru/kodeks/uk/st-204.2","Статья 204.2. Мелкий коммерческий подкуп"
"https://ppt.ru/kodeks/uk/st-205","Статья 205. Террористический акт"
"https://ppt.ru/kodeks/uk/st-205.1","Статья 205.1. Содействие террористической деятельности"
"https://ppt.ru/kodeks/uk/st-205.2","Статья 205.2. Публичные призывы к осуществлению террористической деятельности, публичное оправдание терроризма или пропаганда терроризма"
"https://ppt.ru/kodeks/uk/st-205.3","Статья 205.3. Прохождение обучения в целях осуществления террористической деятельности"
"https://ppt.ru/kodeks/uk/st-205.4","Статья 205.4. Организация террористического сообщества и участие в нем"
"https://ppt.ru/kodeks/uk/st-205.5","Статья 205.5. Организация деятельности террористической организации и участие в деятельности такой организации"
"https://ppt.ru/kodeks/uk/st-205.6","Статья 205.6. Несообщение о преступлении"
"https://ppt.ru/kodeks/uk/st-206","Статья 206. Захват заложника"
"https://ppt.ru/kodeks/uk/st-207","Статья 207. Заведомо ложное сообщение об акте терроризма"
"https://ppt.ru/kodeks/uk/st-208","Статья 208. Организация незаконного вооруженного формирования или участие в нем"
"https://ppt.ru/kodeks/uk/st-209","Статья 209. Бандитизм"
"https://ppt.ru/kodeks/uk/st-210","Статья 210. Организация преступного сообщества (преступной организации) или участие в нем (ней)"
"https://ppt.ru/kodeks/uk/st-210.1","Статья 210.1. Занятие высшего положения в преступной иерархии"
"https://ppt.ru/kodeks/uk/st-211","Статья 211. Угон судна воздушного или водного транспорта либо железнодорожного подвижного состава"
"https://ppt.ru/kodeks/uk/st-212","Статья 212. Массовые беспорядки"
"https://ppt.ru/kodeks/uk/st-212.1","Статья 212.1. Неоднократное нарушение установленного порядка организации либо проведения собрания, митинга, демонстрации, шествия или пикетирования"
"https://ppt.ru/kodeks/uk/st-213","Статья 213. Хулиганство"
"https://ppt.ru/kodeks/uk/st-214","Статья 214. Вандализм"
"https://ppt.ru/kodeks/uk/st-215","Статья 215. Нарушение правил безопасности на объектах атомной энергетики"
"https://ppt.ru/kodeks/uk/st-215.1","Статья 215.1. Прекращение или ограничение подачи электрической энергии либо отключение от других источников жизнеобеспечения"
"https://ppt.ru/kodeks/uk/st-215.2","Статья 215.2. Приведение в негодность объектов жизнеобеспечения"
"https://ppt.ru/kodeks/uk/st-215.3","Статья 215.3. Самовольное подключение к нефтепроводам, нефтепродуктопроводам и газопроводам либо приведение их в негодность"
"https://ppt.ru/kodeks/uk/st-215.4","Статья 215.4. Незаконное проникновение на охраняемый объект"
"https://ppt.ru/kodeks/uk/st-216","Статья 216. Нарушение правил безопасности при ведении строительных или иных работ"
"https://ppt.ru/kodeks/uk/st-217","Статья 217. Нарушение требований промышленной безопасности опасных производственных объектов"
"https://ppt.ru/kodeks/uk/st-217.1","Статья 217.1. Нарушение требований обеспечения безопасности и антитеррористической защищенности объектов топливно-энергетического комплекса"
"https://ppt.ru/kodeks/uk/st-217.2","Статья 217.2. Заведомо ложное заключение экспертизы промышленной безопасности"
"https://ppt.ru/kodeks/uk/st-218","Статья 218. Нарушение правил учета, хранения, перевозки и использования взрывчатых, легковоспламеняющихся веществ и пиротехнических изделий"
"https://ppt.ru/kodeks/uk/st-219","Статья 219. Нарушение требований пожарной безопасности"
"https://ppt.ru/kodeks/uk/st-220","Статья 220. Незаконное обращение с ядерными материалами или радиоактивными веществами"
"https://ppt.ru/kodeks/uk/st-221","Статья 221. Хищение либо вымогательство ядерных материалов или радиоактивных веществ"
"https://ppt.ru/kodeks/uk/st-222","Статья 222. Незаконные приобретение, передача, сбыт, хранение, перевозка или ношение оружия, его основных частей, боеприпасов"
"https://ppt.ru/kodeks/uk/st-222.1","Статья 222.1. Незаконные приобретение, передача, сбыт, хранение, перевозка или ношение взрывчатых веществ или взрывных устройств"
"https://ppt.ru/kodeks/uk/st-223","Статья 223. Незаконное изготовление оружия"
"https://ppt.ru/kodeks/uk/st-223.1","Статья 223.1. Незаконное изготовление взрывчатых веществ, незаконные изготовление, переделка или ремонт взрывных устройств"
"https://ppt.ru/kodeks/uk/st-224","Статья 224. Небрежное хранение огнестрельного оружия"
"https://ppt.ru/kodeks/uk/st-225","Статья 225. Ненадлежащее исполнение обязанностей по охране оружия, боеприпасов, взрывчатых веществ и взрывных устройств"
"https://ppt.ru/kodeks/uk/st-226","Статья 226. Хищение либо вымогательство оружия, боеприпасов, взрывчатых веществ и взрывных устройств"
"https://ppt.ru/kodeks/uk/st-226.1","Статья 226.1. Контрабанда сильнодействующих, ядовитых, отравляющих, взрывчатых, радиоактивных веществ, радиационных источников, ядерных материалов, огнестрельного оружия или его основных частей, взрывных устройств, боеприпасов, оружия массового поражения, средств его доставки, иного вооружения, иной военной техники, а также материалов и оборудования, которые могут быть использованы при создании оружия массового поражения, средств его доставки, иного вооружения, иной военной техники, а равно стратегически важных товаров и ресурсов или культурных ценностей либо особо ценных диких животных и водных биологических ресурсов"
"https://ppt.ru/kodeks/uk/st-227","Статья 227. Пиратство"
"https://ppt.ru/kodeks/uk/st-228","Статья 228. Незаконные приобретение, хранение, перевозка, изготовление, переработка наркотических средств, психотропных веществ или их аналогов, а также незаконные приобретение, хранение, перевозка растений, содержащих наркотические средства или психотропные вещества, либо их частей, содержащих наркотические средства или психотропные вещества"
"https://ppt.ru/kodeks/uk/st-228.1","Статья 228.1. Незаконные производство, сбыт или пересылка наркотических средств, психотропных веществ или их аналогов, а также незаконные сбыт или пересылка растений, содержащих наркотические средства или психотропные вещества, либо их частей, содержащих наркотические средства или психотропные вещества"
"https://ppt.ru/kodeks/uk/st-228.2","Статья 228.2. Нарушение правил оборота наркотических средств или психотропных веществ"
"https://ppt.ru/kodeks/uk/st-228.3","Статья 228.3. Незаконные приобретение, хранение или перевозка прекурсоров наркотических средств или психотропных веществ, а также незаконные приобретение, хранение или перевозка растений, содержащих прекурсоры наркотических средств или психотропных веществ, либо их частей, содержащих прекурсоры наркотических средств или психотропных веществ"
"https://ppt.ru/kodeks/uk/st-228.4","Статья 228.4. Незаконные производство, сбыт или пересылка прекурсоров наркотических средств или психотропных веществ, а также незаконные сбыт или пересылка растений, содержащих прекурсоры наркотических средств или психотропных веществ, либо их частей, содержащих прекурсоры наркотических средств или психотропных веществ"
"https://ppt.ru/kodeks/uk/st-229","Статья 229. Хищение либо вымогательство наркотических средств или психотропных веществ, а также растений, содержащих наркотические средства или психотропные вещества, либо их частей, содержащих наркотические средства или психотропные вещества"
"https://ppt.ru/kodeks/uk/st-229.1","Статья 229.1. Контрабанда наркотических средств, психотропных веществ, их прекурсоров или аналогов, растений, содержащих наркотические средства, психотропные вещества или их прекурсоры, либо их частей, содержащих наркотические средства, психотропные вещества или их прекурсоры, инструментов или оборудования, находящихся под специальным контролем и используемых для изготовления наркотических средств или психотропных веществ"
"https://ppt.ru/kodeks/uk/st-230","Статья 230. Склонение к потреблению наркотических средств, психотропных веществ или их аналогов"
"https://ppt.ru/kodeks/uk/st-230.1","Статья 230.1. Склонение спортсмена к использованию субстанций и (или) методов, запрещенных для использования в спорте"
"https://ppt.ru/kodeks/uk/st-230.2","Статья 230.2. Использование в отношении спортсмена субстанций и (или) методов, запрещенных для использования в спорте"
"https://ppt.ru/kodeks/uk/st-231","Статья 231. Незаконное культивирование растений, содержащих наркотические средства или психотропные вещества либо их прекурсоры"
"https://ppt.ru/kodeks/uk/st-232","Статья 232. Организация либо содержание притонов или систематическое предоставление помещений для потребления наркотических средств, психотропных веществ или их аналогов"
"https://ppt.ru/kodeks/uk/st-233","Статья 233. Незаконная выдача либо подделка рецептов или иных документов, дающих право на получение наркотических средств или психотропных веществ"
"https://ppt.ru/kodeks/uk/st-234","Статья 234. Незаконный оборот сильнодействующих или ядовитых веществ в целях сбыта"
"https://ppt.ru/kodeks/uk/st-234.1","Статья 234.1. Незаконный оборот новых потенциально опасных психоактивных веществ"
"https://ppt.ru/kodeks/uk/st-235","Статья 235. Незаконное осуществление медицинской деятельности или фармацевтической деятельности"
"https://ppt.ru/kodeks/uk/st-235.1","Статья 235.1. Незаконное производство лекарственных средств и медицинских изделий"
"https://ppt.ru/kodeks/uk/st-236","Статья 236. Нарушение санитарно-эпидемиологических правил"
"https://ppt.ru/kodeks/uk/st-237","Статья 237. Сокрытие информации об обстоятельствах, создающих опасность для жизни или здоровья людей"
"https://ppt.ru/kodeks/uk/st-238","Статья 238. Производство, хранение, перевозка либо сбыт товаров и продукции, выполнение работ или оказание услуг, не отвечающих требованиям безопасности"
"https://ppt.ru/kodeks/uk/st-238.1","Статья 238.1. Обращение фальсифицированных, недоброкачественных и незарегистрированных лекарственных средств, медицинских изделий и оборот фальсифицированных биологически активных добавок"
"https://ppt.ru/kodeks/uk/st-239","Статья 239. Создание некоммерческой организации, посягающей на личность и права граждан"
"https://ppt.ru/kodeks/uk/st-240","Статья 240. Вовлечение в занятие проституцией"
"https://ppt.ru/kodeks/uk/st-240.1","Статья 240.1. Получение сексуальных услуг несовершеннолетнего"
"https://ppt.ru/kodeks/uk/st-241","Статья 241. Организация занятия проституцией"
"https://ppt.ru/kodeks/uk/st-242","Статья 242. Незаконные изготовление и оборот порнографических материалов или предметов"
"https://ppt.ru/kodeks/uk/st-242.1","Статья 242.1. Изготовление и оборот материалов или предметов с порнографическими изображениями несовершеннолетних"
"https://ppt.ru/kodeks/uk/st-242.2","Статья 242.2. Использование несовершеннолетнего в целях изготовления порнографических материалов или предметов"
"https://ppt.ru/kodeks/uk/st-243","Статья 243. Уничтожение или повреждение объектов культурного наследия (памятников истории и культуры) народов Российской Федерации, включенных в единый государственный реестр объектов культурного наследия (памятников истории и культуры) народов Российской Федерации, выявленных объектов культурного наследия, природных комплексов, объектов, взятых под охрану государства, или культурных ценностей"
"https://ppt.ru/kodeks/uk/st-243.1","Статья 243.1. Нарушение требований сохранения или использования объектов культурного наследия (памятников истории и культуры) народов Российской Федерации, включенных в единый государственный реестр объектов культурного наследия (памятников истории и культуры) народов Российской Федерации, либо выявленных объектов культурного наследия"
"https://ppt.ru/kodeks/uk/st-243.2","Статья 243.2. Незаконные поиск и (или) изъятие археологических предметов из мест залегания"
"https://ppt.ru/kodeks/uk/st-243.3","Статья 243.3. Уклонение исполнителя земляных, строительных, мелиоративных, хозяйственных или иных работ либо археологических полевых работ, осуществляемых на основании разрешения (открытого листа), от обязательной передачи государству обнаруженных при проведении таких работ предметов, имеющих особую культурную ценность, или культурных ценностей в крупном размере"
"https://ppt.ru/kodeks/uk/st-244","Статья 244. Надругательство над телами умерших и местами их захоронения"
"https://ppt.ru/kodeks/uk/st-245","Статья 245. Жестокое обращение с животными"
"https://ppt.ru/kodeks/uk/st-246","Статья 246. Нарушение правил охраны окружающей среды при производстве работ"
"https://ppt.ru/kodeks/uk/st-247","Статья 247. Нарушение правил обращения экологически опасных веществ и отходов"
"https://ppt.ru/kodeks/uk/st-248","Статья 248. Нарушение правил безопасности при обращении с микробиологическими либо другими биологическими агентами или токсинами"
"https://ppt.ru/kodeks/uk/st-249","Статья 249. Нарушение ветеринарных правил и правил, установленных для борьбы с болезнями и вредителями растений"
"https://ppt.ru/kodeks/uk/st-250","Статья 250. Загрязнение вод"
"https://ppt.ru/kodeks/uk/st-251","Статья 251. Загрязнение атмосферы"
"https://ppt.ru/kodeks/uk/st-252","Статья 252. Загрязнение морской среды"
"https://ppt.ru/kodeks/uk/st-253","Статья 253. Нарушение законодательства Российской Федерации о континентальном шельфе и об исключительной экономической зоне Российской Федерации"
"https://ppt.ru/kodeks/uk/st-254","Статья 254. Порча земли"
"https://ppt.ru/kodeks/uk/st-255","Статья 255. Нарушение правил охраны и использования недр"
"https://ppt.ru/kodeks/uk/st-256","Статья 256. Незаконная добыча (вылов) водных биологических ресурсов"
"https://ppt.ru/kodeks/uk/st-257","Статья 257. Нарушение правил охраны водных биологических ресурсов"
"https://ppt.ru/kodeks/uk/st-258","Статья 258. Незаконная охота"
"https://ppt.ru/kodeks/uk/st-258.1","Статья 258.1. Незаконные добыча и оборот особо ценных диких животных и водных биологических ресурсов, принадлежащих к видам, занесенным в Красную книгу Российской Федерации и (или) охраняемым международными договорами Российской Федерации"
"https://ppt.ru/kodeks/uk/st-259","Статья 259. Уничтожение критических местообитаний для организмов, занесенных в Красную книгу Российской Федерации"
"https://ppt.ru/kodeks/uk/st-260","Статья 260. Незаконная рубка лесных насаждений"
"https://ppt.ru/kodeks/uk/st-261","Статья 261. Уничтожение или повреждение лесных насаждений"
"https://ppt.ru/kodeks/uk/st-262","Статья 262. Нарушение режима особо охраняемых природных территорий и природных объектов"
"https://ppt.ru/kodeks/uk/st-263","Статья 263. Нарушение правил безопасности движения и эксплуатации железнодорожного, воздушного, морского и внутреннего водного транспорта и метрополитена"
"https://ppt.ru/kodeks/uk/st-263.1","Статья 263.1. Нарушение требований в области транспортной безопасности"
"https://ppt.ru/kodeks/uk/st-264","Статья 264. Нарушение правил дорожного движения и эксплуатации транспортных средств"
"https://ppt.ru/kodeks/uk/st-264.1","Статья 264.1. Нарушение правил дорожного движения лицом, подвергнутым административному наказанию"
"https://ppt.ru/kodeks/uk/st-265","Статья 265. Утратила силу.","Федеральный закон от 08.12.2003 N 162-ФЗ."
"https://ppt.ru/kodeks/uk/st-266","Статья 266. Недоброкачественный ремонт транспортных средств и выпуск их в эксплуатацию с техническими неисправностями"
"https://ppt.ru/kodeks/uk/st-267","Статья 267. Приведение в негодность транспортных средств или путей сообщения"
"https://ppt.ru/kodeks/uk/st-267.1","Статья 267.1. Действия, угрожающие безопасной эксплуатации транспортных средств"
"https://ppt.ru/kodeks/uk/st-268","Статья 268. Нарушение правил, обеспечивающих безопасную работу транспорта"
"https://ppt.ru/kodeks/uk/st-269","Статья 269. Утратила силу.","Федеральный закон от 23.04.2018 N 114-ФЗ."
"https://ppt.ru/kodeks/uk/st-270","Статья 270. Неоказание капитаном судна помощи терпящим бедствие"
"https://ppt.ru/kodeks/uk/st-271","Статья 271. Нарушение правил международных полетов"
"https://ppt.ru/kodeks/uk/st-271.1","Статья 271.1. Нарушение правил использования воздушного пространства Российской Федерации"
"https://ppt.ru/kodeks/uk/st-272","Статья 272. Неправомерный доступ к компьютерной информации"
"https://ppt.ru/kodeks/uk/st-273","Статья 273. Создание, использование и распространение вредоносных компьютерных программ"
"https://ppt.ru/kodeks/uk/st-274","Статья 274. Нарушение правил эксплуатации средств хранения, обработки или передачи компьютерной информации и информационно-телекоммуникационных сетей"
"https://ppt.ru/kodeks/uk/st-274.1","Статья 274.1. Неправомерное воздействие на критическую информационную инфраструктуру Российской Федерации"
"https://ppt.ru/kodeks/uk/st-275","Статья 275. Государственная измена"
"https://ppt.ru/kodeks/uk/st-276","Статья 276. Шпионаж"
"https://ppt.ru/kodeks/uk/st-277","Статья 277. Посягательство на жизнь государственного или общественного деятеля"
"https://ppt.ru/kodeks/uk/st-278","Статья 278. Насильственный захват власти или насильственное удержание власти"
"https://ppt.ru/kodeks/uk/st-279","Статья 279. Вооруженный мятеж"
"https://ppt.ru/kodeks/uk/st-280","Статья 280. Публичные призывы к осуществлению экстремистской деятельности"
"https://ppt.ru/kodeks/uk/st-280.1","Статья 280.1. Публичные призывы к осуществлению действий, направленных на нарушение территориальной целостности Российской Федерации"
"https://ppt.ru/kodeks/uk/st-281","Статья 281. Диверсия"
"https://ppt.ru/kodeks/uk/st-282","Статья 282. Возбуждение ненависти либо вражды, а равно унижение человеческого достоинства"
"https://ppt.ru/kodeks/uk/st-282.1","Статья 282.1. Организация экстремистского сообщества"
"https://ppt.ru/kodeks/uk/st-282.2","Статья 282.2. Организация деятельности экстремистской организации"
"https://ppt.ru/kodeks/uk/st-282.3","Статья 282.3. Финансирование экстремистской деятельности"
"https://ppt.ru/kodeks/uk/st-283","Статья 283. Разглашение государственной тайны"
"https://ppt.ru/kodeks/uk/st-283.1","Статья 283.1. Незаконное получение сведений, составляющих государственную тайну"
"https://ppt.ru/kodeks/uk/st-284","Статья 284. Утрата документов, содержащих государственную тайну"
"https://ppt.ru/kodeks/uk/st-284.1","Статья 284.1. Осуществление деятельности на территории Российской Федерации иностранной или международной неправительственной организации, в отношении которой принято решение о признании нежелательной на территории Российской Федерации ее деятельности"
"https://ppt.ru/kodeks/uk/st-285","Статья 285. Злоупотребление должностными полномочиями"
"https://ppt.ru/kodeks/uk/st-285.1","Статья 285.1. Нецелевое расходование бюджетных средств"
"https://ppt.ru/kodeks/uk/st-285.2","Статья 285.2. Нецелевое расходование средств государственных внебюджетных фондов"
"https://ppt.ru/kodeks/uk/st-285.3","Статья 285.3. Внесение в единые государственные реестры заведомо недостоверных сведений"
"https://ppt.ru/kodeks/uk/st-285.4","Статья 285.4. Злоупотребление должностными полномочиями при выполнении государственного оборонного заказа"
"https://ppt.ru/kodeks/uk/st-286","Статья 286. Превышение должностных полномочий"
"https://ppt.ru/kodeks/uk/st-286.1","Статья 286.1. Неисполнение сотрудником органа внутренних дел приказа"
"https://ppt.ru/kodeks/uk/st-287","Статья 287. Отказ в предоставлении информации Федеральному Собранию Российской Федерации или Счетной палате Российской Федерации"
"https://ppt.ru/kodeks/uk/st-288","Статья 288. Присвоение полномочий должностного лица"
"https://ppt.ru/kodeks/uk/st-289","Статья 289. Незаконное участие в предпринимательской деятельности"
"https://ppt.ru/kodeks/uk/st-290","Статья 290. Получение взятки"
"https://ppt.ru/kodeks/uk/st-291","Статья 291. Дача взятки"
"https://ppt.ru/kodeks/uk/st-291.1","Статья 291.1. Посредничество во взяточничестве"
"https://ppt.ru/kodeks/uk/st-291.2","Статья 291.2. Мелкое взяточничество"
"https://ppt.ru/kodeks/uk/st-292","Статья 292. Служебный подлог"
"https://ppt.ru/kodeks/uk/st-292.1","Статья 292.1. Незаконная выдача паспорта гражданина Российской Федерации, а равно внесение заведомо ложных сведений в документы, повлекшее незаконное приобретение гражданства Российской Федерации"
"https://ppt.ru/kodeks/uk/st-293","Статья 293. Халатность"
"https://ppt.ru/kodeks/uk/st-294","Статья 294. Воспрепятствование осуществлению правосудия и производству предварительного расследования"
"https://ppt.ru/kodeks/uk/st-295","Статья 295. Посягательство на жизнь лица, осуществляющего правосудие или предварительное расследование"
"https://ppt.ru/kodeks/uk/st-296","Статья 296. Угроза или насильственные действия в связи с осуществлением правосудия или производством предварительного расследования"
"https://ppt.ru/kodeks/uk/st-297","Статья 297. Неуважение к суду"
"https://ppt.ru/kodeks/uk/st-298","Статья 298. Утратила силу.","Федеральный закон от 07.12.2011 N 420-ФЗ."
"https://ppt.ru/kodeks/uk/st-298.1","Статья 298.1. Клевета в отношении судьи, присяжного заседателя, прокурора, следователя, лица, производящего дознание, судебного пристава"
"https://ppt.ru/kodeks/uk/st-299","Статья 299. Привлечение заведомо невиновного к уголовной ответственности или незаконное возбуждение уголовного дела"
"https://ppt.ru/kodeks/uk/st-300","Статья 300. Незаконное освобождение от уголовной ответственности"
"https://ppt.ru/kodeks/uk/st-301","Статья 301. Незаконные задержание, заключение под стражу или содержание под стражей"
"https://ppt.ru/kodeks/uk/st-302","Статья 302. Принуждение к даче показаний"
"https://ppt.ru/kodeks/uk/st-303","Статья 303. Фальсификация доказательств и результатов оперативно-разыскной деятельности"
"https://ppt.ru/kodeks/uk/st-304","Статья 304. Провокация взятки, коммерческого подкупа либо подкупа в сфере закупок товаров, работ, услуг для обеспечения государственных или муниципальных нужд"
"https://ppt.ru/kodeks/uk/st-305","Статья 305. Вынесение заведомо неправосудных приговора, решения или иного судебного акта"
"https://ppt.ru/kodeks/uk/st-306","Статья 306. Заведомо ложный донос"
"https://ppt.ru/kodeks/uk/st-307","Статья 307. Заведомо ложные показание, заключение эксперта, специалиста или неправильный перевод"
"https://ppt.ru/kodeks/uk/st-308","Статья 308. Отказ свидетеля или потерпевшего от дачи показаний"
"https://ppt.ru/kodeks/uk/st-309","Статья 309. Подкуп или принуждение к даче показаний или уклонению от дачи показаний либо к неправильному переводу"
"https://ppt.ru/kodeks/uk/st-310","Статья 310. Разглашение данных предварительного расследования"
"https://ppt.ru/kodeks/uk/st-311","Статья 311. Разглашение сведений о мерах безопасности, применяемых в отношении судьи и участников уголовного процесса"
"https://ppt.ru/kodeks/uk/st-312","Статья 312. Незаконные действия в отношении имущества, подвергнутого описи или аресту либо подлежащего конфискации"
"https://ppt.ru/kodeks/uk/st-313","Статья 313. Побег из места лишения свободы, из-под ареста или из-под стражи"
"https://ppt.ru/kodeks/uk/st-314","Статья 314. Уклонение от отбывания ограничения свободы, лишения свободы, а также от применения принудительных мер медицинского характера"
"https://ppt.ru/kodeks/uk/st-314.1","Статья 314.1. Уклонение от административного надзора или неоднократное несоблюдение установленных судом в соответствии с федеральным законом ограничения или ограничений"
"https://ppt.ru/kodeks/uk/st-315","Статья 315. Неисполнение приговора суда, решения суда или иного судебного акта"
"https://ppt.ru/kodeks/uk/st-316","Статья 316. Укрывательство преступлений"
"https://ppt.ru/kodeks/uk/st-317","Статья 317. Посягательство на жизнь сотрудника правоохранительного органа"
"https://ppt.ru/kodeks/uk/st-318","Статья 318. Применение насилия в отношении представителя власти"
"https://ppt.ru/kodeks/uk/st-319","Статья 319. Оскорбление представителя власти"
"https://ppt.ru/kodeks/uk/st-320","Статья 320. Разглашение сведений о мерах безопасности, применяемых в отношении должностного лица правоохранительного или контролирующего органа"
"https://ppt.ru/kodeks/uk/st-321","Статья 321. Дезорганизация деятельности учреждений, обеспечивающих изоляцию от общества"
"https://ppt.ru/kodeks/uk/st-322","Статья 322. Незаконное пересечение Государственной границы Российской Федерации"
"https://ppt.ru/kodeks/uk/st-322.1","Статья 322.1. Организация незаконной миграции"
"https://ppt.ru/kodeks/uk/st-322.2","Статья 322.2. Фиктивная регистрация гражданина Российской Федерации по месту пребывания или по месту жительства в жилом помещении в Российской Федерации и фиктивная регистрация иностранного гражданина или лица без гражданства по месту жительства в жилом помещении в Российской Федерации"
"https://ppt.ru/kodeks/uk/st-322.3","Статья 322.3. Фиктивная постановка на учет иностранного гражданина или лица без гражданства по месту пребывания в Российской Федерации"
"https://ppt.ru/kodeks/uk/st-323","Статья 323. Противоправное изменение Государственной границы Российской Федерации"
"https://ppt.ru/kodeks/uk/st-324","Статья 324. Приобретение или сбыт официальных документов и государственных наград"
"https://ppt.ru/kodeks/uk/st-325","Статья 325. Похищение или повреждение документов, штампов, печатей либо похищение акцизных марок, специальных марок или знаков соответствия"
"https://ppt.ru/kodeks/uk/st-325.1","Статья 325.1. Неправомерное завладение государственным регистрационным знаком транспортного средства"
"https://ppt.ru/kodeks/uk/st-326","Статья 326. Подделка или уничтожение идентификационного номера транспортного средства"
"https://ppt.ru/kodeks/uk/st-327","Статья 327. Подделка, изготовление или оборот поддельных документов, государственных наград, штампов, печатей или бланков"
"https://ppt.ru/kodeks/uk/st-327.1","Статья 327.1. Изготовление, сбыт поддельных акцизных марок, специальных марок или знаков соответствия либо их использование"
"https://ppt.ru/kodeks/uk/st-327.2","Статья 327.2. Подделка документов на лекарственные средства или медицинские изделия или упаковки лекарственных средств или медицинских изделий"
"https://ppt.ru/kodeks/uk/st-328","Статья 328. Уклонение от прохождения военной и альтернативной гражданской службы"
"https://ppt.ru/kodeks/uk/st-329","Статья 329. Надругательство над Государственным гербом Российской Федерации или Государственным флагом Российской Федерации"
"https://ppt.ru/kodeks/uk/st-330","Статья 330. Самоуправство"
"https://ppt.ru/kodeks/uk/st-330.1","Статья 330.1. Злостное уклонение от исполнения обязанностей, определенных законодательством Российской Федерации о некоммерческих организациях, выполняющих функции иностранного агента"
"https://ppt.ru/kodeks/uk/st-330.2","Статья 330.2. Неисполнение обязанности по подаче уведомления о наличии у гражданина Российской Федерации гражданства (подданства) иностранного государства либо вида на жительство или иного действительного документа, подтверждающего право на его постоянное проживание в иностранном государстве"
"https://ppt.ru/kodeks/uk/st-331","Статья 331. Понятие преступлений против военной службы"
"https://ppt.ru/kodeks/uk/st-332","Статья 332. Неисполнение приказа"
"https://ppt.ru/kodeks/uk/st-333","Статья 333. Сопротивление начальнику или принуждение его к нарушению обязанностей военной службы"
"https://ppt.ru/kodeks/uk/st-334","Статья 334. Насильственные действия в отношении начальника"
"https://ppt.ru/kodeks/uk/st-335","Статья 335. Нарушение уставных правил взаимоотношений между военнослужащими при отсутствии между ними отношений подчиненности"
"https://ppt.ru/kodeks/uk/st-336","Статья 336. Оскорбление военнослужащего"
"https://ppt.ru/kodeks/uk/st-337","Статья 337. Самовольное оставление части или места службы"
"https://ppt.ru/kodeks/uk/st-338","Статья 338. Дезертирство"
"https://ppt.ru/kodeks/uk/st-339","Статья 339. Уклонение от исполнения обязанностей военной службы путем симуляции болезни или иными способами"
"https://ppt.ru/kodeks/uk/st-340","Статья 340. Нарушение правил несения боевого дежурства"
"https://ppt.ru/kodeks/uk/st-341","Статья 341. Нарушение правил несения пограничной службы"
"https://ppt.ru/kodeks/uk/st-342","Статья 342. Нарушение уставных правил караульной службы"
"https://ppt.ru/kodeks/uk/st-343","Статья 343. Нарушение правил несения службы по охране общественного порядка и обеспечению общественной безопасности"
"https://ppt.ru/kodeks/uk/st-344","Статья 344. Нарушение уставных правил несения внутренней службы и патрулирования в гарнизоне"
"https://ppt.ru/kodeks/uk/st-345","Статья 345. Оставление погибающего военного корабля"
"https://ppt.ru/kodeks/uk/st-346","Статья 346. Умышленные уничтожение или повреждение военного имущества"
"https://ppt.ru/kodeks/uk/st-347","Статья 347. Уничтожение или повреждение военного имущества по неосторожности"
"https://ppt.ru/kodeks/uk/st-348","Статья 348. Утрата военного имущества"
"https://ppt.ru/kodeks/uk/st-349","Статья 349. Нарушение правил обращения с оружием и предметами, представляющими повышенную опасность для окружающих"
"https://ppt.ru/kodeks/uk/st-350","Статья 350. Нарушение правил вождения или эксплуатации машин"
"https://ppt.ru/kodeks/uk/st-351","Статья 351. Нарушение правил полетов или подготовки к ним"
"https://ppt.ru/kodeks/uk/st-352","Статья 352. Нарушение правил кораблевождения"
"https://ppt.ru/kodeks/uk/st-353","Статья 353. Планирование, подготовка, развязывание или ведение агрессивной войны"
"https://ppt.ru/kodeks/uk/st-354","Статья 354. Публичные призывы к развязыванию агрессивной войны"
"https://ppt.ru/kodeks/uk/st-354.1","Статья 354.1. Реабилитация нацизма"
"https://ppt.ru/kodeks/uk/st-355","Статья 355. Разработка, производство, накопление, приобретение или сбыт оружия массового поражения"
"https://ppt.ru/kodeks/uk/st-356","Статья 356. Применение запрещенных средств и методов ведения войны"
"https://ppt.ru/kodeks/uk/st-357","Статья 357. Геноцид"
"https://ppt.ru/kodeks/uk/st-358","Статья 358. Экоцид"
"https://ppt.ru/kodeks/uk/st-359","Статья 359. Наемничество"
"https://ppt.ru/kodeks/uk/st-360","Статья 360. Нападение на лиц или учреждения, которые пользуются международной защитой"
"https://ppt.ru/kodeks/uk/st-361","Статья 361. Акт международного терроризма"
